host_id,nmdc_biosample_id,metagenome_accession,metabolomics_id,soil_pH,soil_NH4,soil_NO3,soil_total_C,soil_total_N,keep_for_analysis,notes,gold_project_id,metabolomics_present,metabolomics_run_count,cohort_status
BESC-833-Co3_31_37,nmdc:bsm-11-pejvvs20,SRX21791942,nmdc:dgms-12-5sagyq12;nmdc:dgms-12-kxj3f773;nmdc:dgms-12-94q9f752;nmdc:dgms-12-hbmdpb32,6.84,2.923,1.6305,1.34,0.105,yes,from_supp_table1,Gp0566814,yes,4,ready
BESC-833-Co2_47_23,nmdc:bsm-11-bd18tk15,SRX21792390,nmdc:dgms-12-f4gqdd41;nmdc:dgms-12-wcvxy623;nmdc:dgms-12-7n4ksg78;nmdc:dgms-12-fp8kqp13,6.76,2.544,1.133,1.944,0.346,yes,from_supp_table1,Gp0566813,yes,4,ready
BESC-833-Co1_6_4,nmdc:bsm-11-j8ezj858,SRX21792392,nmdc:dgms-12-2b8brz45;nmdc:dgms-12-67512b85;nmdc:dgms-12-1r7x3e66;nmdc:dgms-12-a72vey55,6.63,2.4445,1.919,1.175,0.232,yes,from_supp_table1,Gp0566812,yes,4,ready
BESC-258-CL1_34_5,nmdc:bsm-11-yxxvqg27,SRX21792395,nmdc:dgms-12-n3mc8z94;nmdc:dgms-12-anfcgn54;nmdc:dgms-12-qrdq3954;nmdc:dgms-12-0kcrrm69,5.12,25.639,25.9235,9.345,0.688,yes,from_supp_table1,Gp0566775,yes,4,ready
BESC-234-Co1_23_3,nmdc:bsm-11-v0hqhp22,SRX21792401,nmdc:dgms-12-p2c5rk96;nmdc:dgms-12-h9f1ar42;nmdc:dgms-12-5972kx49;nmdc:dgms-12-e8w47b03,6.85,3.014,0.2345,2.358,0.34,yes,from_supp_table1,Gp0566772,yes,4,ready
BESC-331-CL2_55_18,nmdc:bsm-11-2g6d7w97,SRX21792405,nmdc:dgms-12-y1zhmy80;nmdc:dgms-12-n3qgr396;nmdc:dgms-12-nn1d5m67;nmdc:dgms-12-x7dsez17,4.96,14.06,13.3625,7.839,0.565,yes,from_supp_table1,Gp0566784,yes,4,ready
BESC-331-Co1_12_7,nmdc:bsm-11-ga8cav80,SRX21792406,nmdc:dgms-12-g656fm18;nmdc:dgms-12-jzzcaq95;nmdc:dgms-12-eb683j28;nmdc:dgms-12-p70fqq53,6.62,3.5105,0.746,1.852,0.397,yes,from_supp_table1,Gp0566785,yes,4,ready
BESC-13-Co2_41_23,nmdc:bsm-11-nz6f9964,SRX21792412,nmdc:dgms-12-fy0r9619;nmdc:dgms-12-kxkx7k42;nmdc:dgms-12-xejjfe86;nmdc:dgms-12-vaqapr40,6.71,4.1705,<0.20,2.607,0.166,yes,from_supp_table1,Gp0566760,yes,4,ready
BESC-331-Co2_50_17,nmdc:bsm-11-wpsg6186,SRX21792776,nmdc:dgms-12-54sr1v57;nmdc:dgms-12-dxx6ms96;nmdc:dgms-12-9086km56;nmdc:dgms-12-891gwk36,6.92,2.0665,1.1235,1.342,0.335,yes,from_supp_table1,Gp0566786,yes,4,ready
BESC-331-Co3_15_40,nmdc:bsm-11-azfn2405,SRX21792778,nmdc:dgms-12-0et7je92;nmdc:dgms-12-xt3h1511;nmdc:dgms-12-m00hpt27;nmdc:dgms-12-cqrvqh45,6.95,2.6825,<0.20,1.964,0.131,yes,from_supp_table1,Gp0566787,yes,4,ready
BESC-307-Co1_31_6,nmdc:bsm-11-6ntzv433,SRX21792780,nmdc:dgms-12-1tybq661;nmdc:dgms-12-ckta7492;nmdc:dgms-12-1hpd0x54;nmdc:dgms-12-5nz6j955,6.68,2.8415,0.6115,1.458,0.378,yes,from_supp_table1,Gp0566781,yes,4,ready
BESC-13-CL1_35_33,nmdc:bsm-11-vnkf4228,SRX21792795,nmdc:dgms-12-2n32jw86;nmdc:dgms-12-zdmtm042;nmdc:dgms-12-0s71b942;nmdc:dgms-12-qcsqes08,5.58,8.3295,27.324,4.836,0.337,yes,from_supp_table1,Gp0566756,yes,4,ready
BESC-13-CL2_39_29,nmdc:bsm-11-k7jqh647,SRX21792799,nmdc:dgms-12-84kvtv66;nmdc:dgms-12-f6g8am83;nmdc:dgms-12-vy40vg12;nmdc:dgms-12-hdpjyj57,5.52,10.46,25.197,3.886,0.302,yes,from_supp_table1,Gp0566757,yes,4,ready
GW-9591-Co2_62_24,nmdc:bsm-11-4f4btc22,SRX21790337,nmdc:dgms-12-8np5az63;nmdc:dgms-12-x4xk1532;nmdc:dgms-12-bw64gk71;nmdc:dgms-12-rb3wyb32,6.48,2.1955,0.836,1.192,0.25,yes,from_supp_table1,Gp0566854,yes,4,ready
SKWD-24-1-Co1_7_5,nmdc:bsm-11-hx8qxc63,SRX21790338,nmdc:dgms-12-wzwzx786;nmdc:dgms-12-zjsc9d15;nmdc:dgms-12-vv9cxd52;nmdc:dgms-12-74wq0x95,6.72,2.9575,0.983,1.431,0.298,yes,from_supp_table1,Gp0566861,yes,4,ready
GW-7986-Co3_31_39,nmdc:bsm-11-jqwsb466,SRX21790339,nmdc:dgms-12-6qjgec18;nmdc:dgms-12-fm6wv590;nmdc:dgms-12-5yzgtf09;nmdc:dgms-12-dz2e6277,,,,,,yes,from_supp_table1,Gp0566849,yes,4,ready
GW-9591-Co3_35_48,nmdc:bsm-11-0xqxvc88,SRX21790356,nmdc:dgms-12-tjfjep03;nmdc:dgms-12-kjkf1522;nmdc:dgms-12-xs6kk482;nmdc:dgms-12-4rbck881,6.88,3.866,2.2445,2.024,0.141,yes,from_supp_table1,Gp0566855,yes,4,ready
GW-9591-CL1_34_16,nmdc:bsm-11-ahpvvb55,SRX21790357,nmdc:dgms-12-nh628y30;nmdc:dgms-12-83c0ze50;nmdc:dgms-12-7xcht157;nmdc:dgms-12-3p73d304,4.85,12.972,9.3675,4.762,0.369,yes,from_supp_table1,Gp0566850,yes,4,ready
SKWA-24-3-Co3_23_35,nmdc:bsm-11-7yjtg159,SRX21790358,nmdc:dgms-12-y8rq7q67;nmdc:dgms-12-57z7a455;nmdc:dgms-12-hpbrsm64;nmdc:dgms-12-tytm8n54,6.7,4.4405,2.6265,1.613,0.111,yes,from_supp_table1,Gp0566859,yes,4,ready
SKWD-24-1-CL2_58_25,nmdc:bsm-11-af8ap759,SRX21790359,nmdc:dgms-12-4fkytb85;nmdc:dgms-12-amhbpr48;nmdc:dgms-12-3xy7sw21;nmdc:dgms-12-azgrqm31,5.04,9.8355,13.174,5.831,0.448,yes,from_supp_table1,Gp0566860,yes,4,ready
GW-9591-CL2_56_12,nmdc:bsm-11-57ejpn32,SRX21790360,nmdc:dgms-12-a4nd1958;nmdc:dgms-12-s8mtae44;nmdc:dgms-12-j7pvyr53;nmdc:dgms-12-pwrrza45,5.04,18.515,26.191,8.228,0.603,yes,from_supp_table1,Gp0566851,yes,4,ready
SKWD-24-1-Co3_24_32,nmdc:bsm-11-1a9d1633,SRX21790361,nmdc:dgms-12-2c79wt25;nmdc:dgms-12-6z5w5v84;nmdc:dgms-12-yvd9ht42;nmdc:dgms-12-a2pdzk51,6.44,2.6065,0.3755,0.575,0.05,yes,from_supp_table1,Gp0566863,yes,4,ready
GW-9591-Co1_16_8,nmdc:bsm-11-yms2f086,SRX21790362,nmdc:dgms-12-58m2r182;nmdc:dgms-12-ann5pb93;nmdc:dgms-12-6bmrgp85;nmdc:dgms-12-z8579q89,6.64,1.8015,1.698,1.235,0.242,yes,from_supp_table1,Gp0566853,yes,4,ready
SKWD-24-1-Co2_54_22,nmdc:bsm-11-wm40z541,SRX21790363,nmdc:dgms-12-ga7g0t50;nmdc:dgms-12-sjz55c78;nmdc:dgms-12-pys4cj59;nmdc:dgms-12-xv2zq230,6.74,3.261,0.4465,1.774,0.38,yes,from_supp_table1,Gp0566862,yes,4,ready
BESC-847-CL3_83_27,nmdc:bsm-11-pgfhya35,SRX21790364,nmdc:dgms-12-q83p1e44;nmdc:dgms-12-nxkg4h29;nmdc:dgms-12-hwr1kx83;nmdc:dgms-12-92xjd525,5.34,8.3875,19.8355,3.886,0.319,yes,from_supp_table1,Gp0566823,yes,4,ready
SKWA-24-3-Co2_41_10,nmdc:bsm-11-4pc4k424,SRX21790365,nmdc:dgms-12-w9bhkv16;nmdc:dgms-12-ms8cjb84;nmdc:dgms-12-4d3pr875;nmdc:dgms-12-n1c1r813,6.77,2.6175,1.3215,1.473,0.31,yes,from_supp_table1,Gp0566858,yes,4,ready
SKWA-24-3-CL2_69_25,nmdc:bsm-11-aan31e03,SRX21791385,nmdc:dgms-12-1fz3wg32;nmdc:dgms-12-gb1v6726;nmdc:dgms-12-zs9dat86;nmdc:dgms-12-pdvaph96,5.13,10.138,33.2955,6.611,0.491,yes,from_supp_table1,Gp0566856,yes,4,ready
BESC-845-Co3_28_42,nmdc:bsm-11-v1ynyj85,SRX21791386,nmdc:dgms-12-nwmcwv64;nmdc:dgms-12-pxxbrc62;nmdc:dgms-12-pkeqfq65;nmdc:dgms-12-j6jf1q27,6.81,3.002,1.333,2.12,0.144,yes,from_supp_table1,Gp0566820,yes,4,ready
BESC-845-Co2_60_28,nmdc:bsm-11-hae6xn61,SRX21791387,nmdc:dgms-12-vzr7dh20;nmdc:dgms-12-3h0zbe92;nmdc:dgms-12-vd457894;nmdc:dgms-12-tythxn76,6.37,2.0195,0.24,0.864,0.06,yes,from_supp_table1,Gp0566819,yes,4,ready
SKWA-24-3-Co1_3_5,nmdc:bsm-11-zqaeph53,SRX21791412,nmdc:dgms-12-hbz3hh89;nmdc:dgms-12-yne6xx14;nmdc:dgms-12-skpqzy25;nmdc:dgms-12-23x1tc92,6.6,3.524,2.111,2.203,0.309,yes,from_supp_table1,Gp0566857,yes,4,ready
GW-7986-Co2_68_28,nmdc:bsm-11-thpb7b07,SRX21791413,nmdc:dgms-12-g7gnz859;nmdc:dgms-12-9kbsws90;nmdc:dgms-12-h89r1147;nmdc:dgms-12-g0c5cd05,,,,,,yes,from_supp_table1,Gp0566848,yes,4,ready
BESC-847-CL2_38_7,nmdc:bsm-11-rbzk5h49,SRX21791414,nmdc:dgms-12-e57hcg08;nmdc:dgms-12-b9ysfc73;nmdc:dgms-12-t49ne578;nmdc:dgms-12-asmwnx66,4.84,16.3295,14.395,7.005,0.513,yes,from_supp_table1,Gp0566822,yes,4,ready
GW-9591-CL3_98_5,nmdc:bsm-11-xhbae603,SRX21791415,nmdc:dgms-12-5qa0qv02;nmdc:dgms-12-v763y681;nmdc:dgms-12-327nbe32;nmdc:dgms-12-bg582k56,4.83,11.8795,9.4465,3.989,0.326,yes,from_supp_table1,Gp0566852,yes,4,ready
BESC-847-CL1_28_5,nmdc:bsm-11-zmsv5494,SRX21791416,nmdc:dgms-12-szcys935;nmdc:dgms-12-qsqw4085;nmdc:dgms-12-dva1v677;nmdc:dgms-12-vfyc2n90,4.88,20.6825,12.746,6.687,0.527,yes,from_supp_table1,Gp0566821,yes,4,ready
BESC-845-Co1_24_3,nmdc:bsm-11-wpye0n32,SRX21791417,nmdc:dgms-12-w7s78752;nmdc:dgms-12-4s8d7y49;nmdc:dgms-12-tetp1d35;nmdc:dgms-12-n8sdc015,6.6,3.6545,1.111,2.163,0.4,yes,from_supp_table1,Gp0566818,yes,4,ready
BESC-847-Co3_9_34,nmdc:bsm-11-jrahe581,SRX21791425,nmdc:dgms-12-q6w7dq62;nmdc:dgms-12-h71f7227;nmdc:dgms-12-9atbm875;nmdc:dgms-12-nn6n0d27,6.55,3.358,1.5495,1.921,0.111,yes,from_supp_table1,Gp0566826,yes,4,ready
GW-11047-CL2_41_30,nmdc:bsm-11-kff3y587,SRX21791426,nmdc:dgms-12-bsmnka97;nmdc:dgms-12-zp09yx22;nmdc:dgms-12-wnd91f58;nmdc:dgms-12-2rbts353,5.05,7.2955,17.694,3.046,0.281,yes,from_supp_table1,Gp0566841,yes,4,ready
GW-4579-CL1_25_23,nmdc:bsm-11-wj8zqj74,SRX21791427,nmdc:dgms-12-61mfp146;nmdc:dgms-12-83v79x47;nmdc:dgms-12-q4rkq248;nmdc:dgms-12-qamt3f83,5.63,15.59,21.7185,4.409,0.318,yes,from_supp_table1,Gp0566842,yes,4,ready
BESC-904-CL2_57_20,nmdc:bsm-11-nvgcpg87,SRX21791428,nmdc:dgms-12-ekn2px03;nmdc:dgms-12-rshs7j08;nmdc:dgms-12-ercat453;nmdc:dgms-12-78kkw397,5.05,14.706,15.503,7.437,0.546,yes,from_supp_table1,Gp0566833,yes,4,ready
BESC-56-Co1_22_4,nmdc:bsm-11-90vp2x95,SRX21791429,nmdc:dgms-12-qc9yv426;nmdc:dgms-12-7drgf177;nmdc:dgms-12-xh28w552;nmdc:dgms-12-xyy0p307,,,,,,yes,from_supp_table1,Gp0566807,yes,4,ready
BESC-388-Co3_8_57,nmdc:bsm-11-4htstp40,SRX21791430,nmdc:dgms-12-bmc8cx51;nmdc:dgms-12-8xhkk393;nmdc:dgms-12-6x8r8e02;nmdc:dgms-12-wjs4ey83,6.76,4.193,<0.20,2.971,0.195,yes,from_supp_table1,Gp0566803,yes,4,ready
BESC-448-CL1_35_3,nmdc:bsm-11-spzb5g89,SRX21791431,nmdc:dgms-12-kcx1eb23;nmdc:dgms-12-ae8qxt55;nmdc:dgms-12-3pgx1e16;nmdc:dgms-12-jphr1s64,5.03,14.099,5.7905,8.654,0.619,yes,from_supp_table1,Gp0566804,yes,4,ready
GW-4579-Co2_44_8,nmdc:bsm-11-6pr72x09,SRX21791432,nmdc:dgms-12-1yn28y98;nmdc:dgms-12-d49jr802;nmdc:dgms-12-01ssjv33;nmdc:dgms-12-ngxzqk35,6.37,3.9165,2.0535,2.369,0.374,yes,from_supp_table1,Gp0566845,yes,4,ready
BESC-86-CL2_69_17,nmdc:bsm-11-7bbm7795,SRX21791433,nmdc:dgms-12-nhgse529;nmdc:dgms-12-dphg2k88;nmdc:dgms-12-m1xn4g66;nmdc:dgms-12-s2mc1z32,6.76,2.5755,0.407,1.52,0.416,yes,from_supp_table1,Gp0566827,yes,4,ready
BESC-904-Co2_51_17,nmdc:bsm-11-9rcfa470,SRX21791434,,6.9,1.5535,0.832,0.745,0.295,yes,from_supp_table1,Gp0566836,,0,check
GW-11047-CL1_23_5,nmdc:bsm-11-wdfz5578,SRX21791435,nmdc:dgms-12-scdw9087;nmdc:dgms-12-701ama19;nmdc:dgms-12-nt6pt131;nmdc:dgms-12-zw9rsp23,5.21,12.8545,13.422,6.191,0.408,yes,from_supp_table1,Gp0566840,yes,4,ready
BESC-56-Co3_6_53,nmdc:bsm-11-sqpv6146,SRX21791436,nmdc:dgms-12-225sk193;nmdc:dgms-12-rvza0004;nmdc:dgms-12-wejrqr56;nmdc:dgms-12-dqn81j32,,,,,,yes,from_supp_table1,Gp0566809,yes,4,ready
BESC-904-Co1_5_9,nmdc:bsm-11-cd09p052,SRX21791437,nmdc:dgms-12-y13bvv41;nmdc:dgms-12-k0t1sh70;nmdc:dgms-12-4hcsm896;nmdc:dgms-12-ffarqa55,6.7,3.517,1.3175,2.801,0.316,yes,from_supp_table1,Gp0566835,yes,4,ready
BESC-388-CL2_50_4,nmdc:bsm-11-nn5snj10,SRX21791438,nmdc:dgms-12-sr7a8a07;nmdc:dgms-12-t47m4r65;nmdc:dgms-12-dddj1b24;nmdc:dgms-12-60863n19,4.93,15.591,29.0125,8.679,0.71,yes,from_supp_table1,Gp0566799,yes,4,ready
BESC-351-CL1_27_10,nmdc:bsm-11-ce1sg012,SRX21791439,nmdc:dgms-12-g55p8v35;nmdc:dgms-12-mvxeba78;nmdc:dgms-12-rfcgsp24;nmdc:dgms-12-964kxb88,5.06,12.638,15.752,5.791,0.421,yes,from_supp_table1,Gp0566788,yes,4,ready
BESC-866-Co2_58_19,nmdc:bsm-11-tzp7r259,SRX21791440,nmdc:dgms-12-sf45r669;nmdc:dgms-12-jhpm6f40;nmdc:dgms-12-5ty4p945;nmdc:dgms-12-ft0mqg44,4.95,16.2875,16.3555,8.515,0.613,yes,from_supp_table1,Gp0566831,yes,4,ready
BESC-360-CL2_44_14,nmdc:bsm-11-adzwqg44,SRX21791441,nmdc:dgms-12-8et6y647;nmdc:dgms-12-zqsa6v10;nmdc:dgms-12-wc9p1b44;nmdc:dgms-12-agz58160,5.05,11.2045,12.703,5.674,0.48,yes,from_supp_table1,Gp0566794,yes,4,ready
BESC-448-CL3_88_32,nmdc:bsm-11-vcna9q80,SRX21791442,nmdc:dgms-12-q6ay9h34;nmdc:dgms-12-k4bh1s40;nmdc:dgms-12-k2q6r664;nmdc:dgms-12-f4pacq15,5.46,9.211,18.875,5.621,0.439,yes,from_supp_table1,Gp0566805,yes,4,ready
BESC-56-Co2_51_16,nmdc:bsm-11-e9z5qp65,SRX21791443,nmdc:dgms-12-2c3ayz22;nmdc:dgms-12-h8r4ma15;nmdc:dgms-12-61qea943;nmdc:dgms-12-zb69jm74,,,,,,yes,from_supp_table1,Gp0566808,yes,4,ready
BESC-833-CL2_42_16,nmdc:bsm-11-fr4c9n11,SRX21791444,nmdc:dgms-12-wtweck64;nmdc:dgms-12-03ej2990;nmdc:dgms-12-0q1kw277;nmdc:dgms-12-h573m895,5.33,14.851,9.161,7.023,0.455,yes,from_supp_table1,Gp0566810,yes,4,ready
BESC-470-CL2_38_23,nmdc:bsm-11-1r59n445,SRX21791445,nmdc:dgms-12-kzzpr989;nmdc:dgms-12-jgypkm67;nmdc:dgms-12-f0txcp41;nmdc:dgms-12-m3zsay36,5.38,11.693,16.977,5.906,0.455,yes,from_supp_table1,Gp0566806,yes,4,ready
BESC-905-CL1_32_20,nmdc:bsm-11-8eypa967,SRX21791446,nmdc:dgms-12-396cs202;nmdc:dgms-12-d6jx2w43;nmdc:dgms-12-59k28b61;nmdc:dgms-12-mbjgmn06,5,10.427,10.251,5.093,0.417,yes,from_supp_table1,Gp0566838,yes,4,ready
BESC-388-Co1_32_7,nmdc:bsm-11-45z1kv27,SRX21791447,nmdc:dgms-12-gz179t39;nmdc:dgms-12-40rnb064;nmdc:dgms-12-8acz7d22;nmdc:dgms-12-wdn7jw63,6.55,3.5615,1.928,2.135,0.374,yes,from_supp_table1,Gp0566801,yes,4,ready
BESC-360-Co2_62_25,nmdc:bsm-11-4yy9a239,SRX21791448,nmdc:dgms-12-fbjgc419;nmdc:dgms-12-7v3h2z75;nmdc:dgms-12-wx5h3t95;nmdc:dgms-12-hrydbw82,6.72,8.3015,1.403,2.344,0.433,yes,from_supp_table1,Gp0566796,yes,4,ready
BESC-847-Co1_12_9,nmdc:bsm-11-qyx7qs76,SRX21791449,nmdc:dgms-12-89n1sy18;nmdc:dgms-12-4a9trx33;nmdc:dgms-12-2zvyy933;nmdc:dgms-12-j8qygy56,6.54,2.7645,4.8475,1.765,0.3,yes,from_supp_table1,Gp0566824,yes,4,ready
BESC-866-CL3_75_7,nmdc:bsm-11-7n6p8d80,SRX21791450,nmdc:dgms-12-mmt1c336;nmdc:dgms-12-6xc03q97;nmdc:dgms-12-knxfj346;nmdc:dgms-12-d1y25s26,5.16,11.0295,13.514,6.669,0.491,yes,from_supp_table1,Gp0566829,yes,4,ready
BESC-351-Co3_11_46,nmdc:bsm-11-z1r5gy96,SRX21791451,nmdc:dgms-12-333syq15;nmdc:dgms-12-4nepg056;nmdc:dgms-12-8984sv03;nmdc:dgms-12-rwzsqj47,6.48,4.4525,0.4225,2.239,0.151,yes,from_supp_table1,Gp0566793,yes,4,ready
GW-4579-CL2_50_20,nmdc:bsm-11-6y2dt532,SRX21791452,nmdc:dgms-12-20rn3432;nmdc:dgms-12-atck6f34;nmdc:dgms-12-b1hs1y29;nmdc:dgms-12-tgb21528,5.11,13.491,23.581,7.647,0.578,yes,from_supp_table1,Gp0566843,yes,4,ready
BESC-351-Co2_42_17,nmdc:bsm-11-hhb2g180,SRX21791453,nmdc:dgms-12-qwjjnx50;nmdc:dgms-12-0tzkn963;nmdc:dgms-12-j9x4wa87;nmdc:dgms-12-wzrmc686,6.81,2.329,2.804,1.801,0.326,yes,from_supp_table1,Gp0566792,yes,4,ready
BESC-388-CL1_25_34,nmdc:bsm-11-9gmcv191,SRX21791454,nmdc:dgms-12-6dgwpv49;nmdc:dgms-12-yn0jb390;nmdc:dgms-12-1btfba25;nmdc:dgms-12-p6v9mn79,5.86,9.1955,20.428,3.578,0.296,yes,from_supp_table1,Gp0566798,yes,4,ready
BESC-833-CL3_77_6,nmdc:bsm-11-at9sda86,SRX21791455,nmdc:dgms-12-rxj6w330;nmdc:dgms-12-8vhq1151;nmdc:dgms-12-bwa7h635;nmdc:dgms-12-76h2ws94,5.16,12.048,20.1785,6.268,0.446,yes,from_supp_table1,Gp0566811,yes,4,ready
BESC-904-CL3_91_3,nmdc:bsm-11-xgrda154,SRX21791456,nmdc:dgms-12-mrccwb37;nmdc:dgms-12-hcbhmy82;nmdc:dgms-12-gygyt534;nmdc:dgms-12-rzkdfz78,5.68,8.5,20.4215,4.1,0.303,yes,from_supp_table1,Gp0566834,yes,4,ready
BESC-360-Co1_23_6,nmdc:bsm-11-k7v09098,SRX21791457,nmdc:dgms-12-f5trx844;nmdc:dgms-12-y3wnk778;nmdc:dgms-12-yhp0as28;nmdc:dgms-12-2t6e1v43,6.61,3.783,3.086,1.391,0.224,yes,from_supp_table1,Gp0566839,yes,4,ready
BESC-351-CL2_54_28,nmdc:bsm-11-s110fy15,SRX21791458,nmdc:dgms-12-8v6hrp98;nmdc:dgms-12-ydtnsf63;nmdc:dgms-12-ktkxmx79;nmdc:dgms-12-a12m3b82,5.14,9.5715,12.874,6.1,0.47,yes,from_supp_table1,Gp0566789,yes,4,ready
GW-4579-Co3_14_51,nmdc:bsm-11-011z7z70,SRX21791459,nmdc:dgms-12-5gypda13;nmdc:dgms-12-vcw8ma56;nmdc:dgms-12-qa51dx90;nmdc:dgms-12-efm4kq03,6.62,5.5805,4.5255,2.53,0.173,yes,from_supp_table1,Gp0566846,yes,4,ready
BESC-351-CL3_84_27,nmdc:bsm-11-zxvekh84,SRX21791460,nmdc:dgms-12-1zcj4871;nmdc:dgms-12-b25fyb02;nmdc:dgms-12-42rjjn70;nmdc:dgms-12-a45qrv65,5.48,8.988,10.5655,4.546,0.344,yes,from_supp_table1,Gp0566790,yes,4,ready
BESC-351-Co1_10_3,nmdc:bsm-11-k7fkcz65,SRX21791461,nmdc:dgms-12-zpabfe74;nmdc:dgms-12-ba1e3n38;nmdc:dgms-12-w6yp8550;nmdc:dgms-12-9y4e2a54,6.61,3.556,5.8955,1.709,0.29,yes,from_supp_table1,Gp0566791,yes,4,ready
BESC-360-CL3_72_12,nmdc:bsm-11-3zh6yy26,SRX21791462,nmdc:dgms-12-8s32rv59;nmdc:dgms-12-7bzf9y75;nmdc:dgms-12-gg0mrs10;nmdc:dgms-12-pv6ezq90,5.09,13.7945,11.0665,7.228,0.521,yes,from_supp_table1,Gp0566795,yes,4,ready
BESC-904-Co3_16_51,nmdc:bsm-11-6zd5nb38,SRX21791463,nmdc:dgms-12-mdkt1n34;nmdc:dgms-12-8t0w9s23;nmdc:dgms-12-g91eme27;nmdc:dgms-12-fqhvcb80,6.72,4.446,2.935,1.968,0.131,yes,from_supp_table1,Gp0566837,yes,4,ready
GW-7986-Co1_37_5,nmdc:bsm-11-kgm2s608,SRX21791464,nmdc:dgms-12-jw51t806;nmdc:dgms-12-j7t4pa52;nmdc:dgms-12-ggz3k531;nmdc:dgms-12-e4x9vw64,,,,,,yes,from_supp_table1,Gp0566847,yes,4,ready
BESC-866-CL2_50_11,nmdc:bsm-11-7j0fnc87,SRX21791465,nmdc:dgms-12-sf09z976;nmdc:dgms-12-7by6x716;nmdc:dgms-12-n8gxkz52;nmdc:dgms-12-8k7z3692,6.73,3.6955,1.0625,1.869,0.118,yes,from_supp_table1,Gp0566828,yes,4,ready
BESC-847-Co2_69_13,nmdc:bsm-11-67dmq694,SRX21791466,nmdc:dgms-12-gcexgj72;nmdc:dgms-12-z1bbtn11;nmdc:dgms-12-zz9whr83;nmdc:dgms-12-284jgp29,6.41,3.8565,0.542,0.697,0.261,yes,from_supp_table1,Gp0566825,yes,4,ready
BESC-866-Co3_27_48,nmdc:bsm-11-kz54ep97,SRX21791467,nmdc:dgms-12-0cn1e577;nmdc:dgms-12-pgtqcq85;nmdc:dgms-12-y3fgqp48;nmdc:dgms-12-0wx6q987,6.66,3.4185,1.9945,1.25,0.261,yes,from_supp_table1,Gp0566832,yes,4,ready
BESC-360-Co3_13_34,nmdc:bsm-11-v85xpj21,SRX21791468,nmdc:dgms-12-jeamkr14;nmdc:dgms-12-84dazm97;nmdc:dgms-12-kh71tv67;nmdc:dgms-12-0rzfme52,6.84,4.09,<0.20,2.593,0.164,yes,from_supp_table1,Gp0566797,yes,4,ready
BESC-388-Co2_54_7,nmdc:bsm-11-05dve909,SRX21791469,nmdc:dgms-12-vm6fe330;nmdc:dgms-12-yvenm270;nmdc:dgms-12-fr4kcc71;nmdc:dgms-12-q4eayd67,6.48,0,0.463,1.743,0.327,yes,from_supp_table1,Gp0566802,yes,4,ready
BESC-866-Co1_10_5,nmdc:bsm-11-8wd4pp40,SRX21791470,nmdc:dgms-12-amham474;nmdc:dgms-12-q2hgkf52;nmdc:dgms-12-nzhew187;nmdc:dgms-12-mv7sx551,4.98,14.3565,15.816,7.678,0.577,yes,from_supp_table1,Gp0566830,yes,4,ready
GW-4579-Co1_14_4,nmdc:bsm-11-kgjz0433,SRX21791471,nmdc:dgms-12-3gexqv96;nmdc:dgms-12-nqpre713;nmdc:dgms-12-pzz61763;nmdc:dgms-12-01kx7877,6.42,3.7375,1.8265,2.311,0.35,yes,from_supp_table1,Gp0566844,yes,4,ready
BESC-388-CL3_88_3,nmdc:bsm-11-4ep6tc76,SRX21791472,nmdc:dgms-12-aqkdnq71;nmdc:dgms-12-327a8c71;nmdc:dgms-12-y57jj675;nmdc:dgms-12-9wssqp09,5.07,10.677,18.1475,4.554,0.342,yes,from_supp_table1,Gp0566800,yes,4,ready
BESC-133-CL2_62_7,nmdc:bsm-11-1fa0hs25,SRX21791482,nmdc:dgms-12-z2bq3j72;nmdc:dgms-12-zwy83398;nmdc:dgms-12-263ydk13;nmdc:dgms-12-dmkfrh34,5.21,17.49,28.0405,10.626,0.752,yes,from_supp_table1,Gp0566763,yes,4,ready
BESC-845-CL1_31_22,nmdc:bsm-11-vv577p15,SRX21791483,nmdc:dgms-12-t5typf80;nmdc:dgms-12-fxdwz810;nmdc:dgms-12-hf7n9d77;nmdc:dgms-12-gt3h1m82,5.39,8.4845,15,4.252,0.34,yes,from_supp_table1,Gp0566815,yes,4,ready
BESC-133-Co3_19_46,nmdc:bsm-11-g9w69290,SRX21791484,nmdc:dgms-12-54w9dz30;nmdc:dgms-12-t6t3vf76;nmdc:dgms-12-t2k2b931;nmdc:dgms-12-g7ma0b77,6.64,3.1565,2.1515,1.696,0.11,yes,from_supp_table1,Gp0566767,yes,4,ready
BESC-133-CL1_28_16,nmdc:bsm-11-ehqk1b45,SRX21791485,nmdc:dgms-12-ga2zvn11;nmdc:dgms-12-75cst942;nmdc:dgms-12-c3n77r51;nmdc:dgms-12-nt5ktz82,5.07,10.599,27.6905,5.444,0.419,yes,from_supp_table1,Gp0566762,yes,4,ready
BESC-234-CL1_24_28,nmdc:bsm-11-b3d5yg81,SRX21791486,nmdc:dgms-12-2bgqsj28;nmdc:dgms-12-g1zgv934;nmdc:dgms-12-wj14yx67;nmdc:dgms-12-tfgptm63,5.82,8.712,29.8005,4.394,0.324,yes,from_supp_table1,Gp0566770,yes,4,ready
BESC-234-CL2_65_22,nmdc:bsm-11-aztxt406,SRX21791487,nmdc:dgms-12-m115dq67;nmdc:dgms-12-tq10r597;nmdc:dgms-12-tgvq0t45;nmdc:dgms-12-x3x38m82,5.41,14.5245,20.401,8.492,0.598,yes,from_supp_table1,Gp0566771,yes,4,ready
BESC-198-CL3_81_33,nmdc:bsm-11-825geg82,SRX21791488,,5.48,9.483,14.482,4.698,0.363,yes,from_supp_table1,Gp0566769,,0,check
BESC-133-CL3_93_10,nmdc:bsm-11-zpf4n944,SRX21791489,nmdc:dgms-12-vaj81824;nmdc:dgms-12-cmcfdc42;nmdc:dgms-12-rya9fa30;nmdc:dgms-12-h7fjyr60,6.13,7.2585,24.361,3.729,0.275,yes,from_supp_table1,Gp0566764,yes,4,ready
BESC-133-Co2_50_25,nmdc:bsm-11-ad739z23,SRX21791490,nmdc:dgms-12-dz3akx32;nmdc:dgms-12-skpng327;nmdc:dgms-12-qgzby064;nmdc:dgms-12-ng5b7c44,7.18,2.998,0.318,1.058,0.081,yes,from_supp_table1,Gp0566766,yes,4,ready
BESC-845-CL2_37_16,nmdc:bsm-11-adwwk217,SRX21791491,nmdc:dgms-12-6qhtms57;nmdc:dgms-12-bbmgnx37;nmdc:dgms-12-phgzw741;nmdc:dgms-12-aymr2207,5.2,15.8165,12.808,6.143,0.481,yes,from_supp_table1,Gp0566816,yes,4,ready
BESC-234-Co2_52_27,nmdc:bsm-11-d1h1d248,SRX21791492,nmdc:dgms-12-z6t9pd08;nmdc:dgms-12-kmt6rs39;nmdc:dgms-12-5s4vxp42;nmdc:dgms-12-q3yzvp39,6.78,1.616,0.863,0.848,0.063,yes,from_supp_table1,Gp0566773,yes,4,ready
BESC-198-CL2_38_5,nmdc:bsm-11-kgkcxn39,SRX21791493,nmdc:dgms-12-3nzhfn65;nmdc:dgms-12-53cx2k43;nmdc:dgms-12-bknd2404;nmdc:dgms-12-pkbjg686,5.21,16.1475,20.049,8.886,0.633,yes,from_supp_table1,Gp0566768,yes,4,ready
BESC-13-Co3_21_57,nmdc:bsm-11-f0st6436,SRX21791494,nmdc:dgms-12-d1pyrx12;nmdc:dgms-12-gysngy50;nmdc:dgms-12-zmd59407;nmdc:dgms-12-6xwwad51,6.64,3.519,0.2795,2.878,0.194,yes,from_supp_table1,Gp0566761,yes,4,ready
BESC-845-CL3_80_19,nmdc:bsm-11-szd4fj93,SRX21791495,nmdc:dgms-12-hm7fqm79;nmdc:dgms-12-fknj9013;nmdc:dgms-12-bkj4eq91;nmdc:dgms-12-aycy4x76,5.47,8.6505,11.5955,3.941,0.329,yes,from_supp_table1,Gp0566817,yes,4,ready
BESC-133-Co1_27_3,nmdc:bsm-11-h49t7j41,SRX21791943,nmdc:dgms-12-jwctr139;nmdc:dgms-12-j1hxbg57;nmdc:dgms-12-7v2aa771;nmdc:dgms-12-r7s5md55,7.07,4.1305,0.516,2.293,0.323,yes,from_supp_table1,Gp0566765,yes,4,ready
BESC-13-CL3_85_26,nmdc:bsm-11-k3zdem68,SRX21792391,nmdc:dgms-12-db32f607;nmdc:dgms-12-e848h333;nmdc:dgms-12-4a4drz20;nmdc:dgms-12-7vdvjr02,5.34,7.472,15.6745,3.496,0.311,yes,from_supp_table1,Gp0566758,yes,4,ready
BESC-13-Co1_30_3,nmdc:bsm-11-97dgrv19,SRX21792398,nmdc:dgms-12-462ta673;nmdc:dgms-12-2nv7y959;nmdc:dgms-12-3r8jyc07;nmdc:dgms-12-jfnpve13,6.57,5.0705,3.004,1.552,0.328,yes,from_supp_table1,Gp0566759,yes,4,ready
BESC-258-CL2_67_23,nmdc:bsm-11-8ah8pz02,SRX21792408,nmdc:dgms-12-k9m0m471;nmdc:dgms-12-ed302m52;nmdc:dgms-12-38rq2163;nmdc:dgms-12-0e1thh19,5.3,16.277,12.6325,6.579,0.501,yes,from_supp_table1,Gp0566776,yes,4,ready
BESC-307-CL1_26_33,nmdc:bsm-11-5snc2s56,SRX21792409,nmdc:dgms-12-zwwepk56;nmdc:dgms-12-2ex44683;nmdc:dgms-12-bs4et404;nmdc:dgms-12-2va5ap74,5.94,31.937,12.513,3.442,0.303,yes,from_supp_table1,Gp0566779,yes,4,ready
BESC-234-Co3_21_62,nmdc:bsm-11-da01b330,SRX21792413,nmdc:dgms-12-9rmh9092;nmdc:dgms-12-mncy9r27;nmdc:dgms-12-zw613e97;nmdc:dgms-12-1axmj596,7.02,4.1675,1.459,3.397,0.2,yes,from_supp_table1,Gp0566774,yes,4,ready
BESC-285-CL1_33_12,nmdc:bsm-11-18btad96,SRX21792777,nmdc:dgms-12-sr5g9b89;nmdc:dgms-12-c5w4rs20;nmdc:dgms-12-z3fjtw06;nmdc:dgms-12-pnjhy331,4.88,16.687,8.8145,7.308,0.545,yes,from_supp_table1,Gp0566777,yes,4,ready
BESC-307-CL2_57_8,nmdc:bsm-11-vc1cgz17,SRX21792779,nmdc:dgms-12-caeh8h83;nmdc:dgms-12-ghqzng58;nmdc:dgms-12-z3cv8b68;nmdc:dgms-12-6e3s6c38,5.14,9.5985,14.7365,7.064,0.492,yes,from_supp_table1,Gp0566780,yes,4,ready
BESC-307-Co3_27_41,nmdc:bsm-11-rtchk112,SRX21792781,nmdc:dgms-12-55qx3e35;nmdc:dgms-12-nk4xkn12;nmdc:dgms-12-cpjbxj06;nmdc:dgms-12-b96eqs43,6.62,3.956,1.6095,2.502,0.17,yes,from_supp_table1,Gp0566783,yes,4,ready
BESC-285-CL2_56_7,nmdc:bsm-11-2a37n046,SRX21792784,nmdc:dgms-12-ta2qk258;nmdc:dgms-12-bhsqzw48;nmdc:dgms-12-m5v3nr79;nmdc:dgms-12-can4ty24,4.96,13.4125,21.445,8.351,0.581,yes,from_supp_table1,Gp0566778,yes,4,ready
BESC-307-Co2_62_14,nmdc:bsm-11-arjq1c41,SRX21792787,nmdc:dgms-12-k6dz2q82;nmdc:dgms-12-4rp76x51;nmdc:dgms-12-kdyyzt86;nmdc:dgms-12-3e44k227,6.18,5.292,0.345,1.348,0.254,yes,from_supp_table1,Gp0566782,yes,4,ready
